Listing Name,Price,Description,Link,Amazon Link
LEGO Creator 3in1 Townhouse Toy Store 31105 (Brand New),$35.00,Brand new and unopened.,https://www.kijiji.ca//v-toys-games/ottawa/lego-creator-3in1-townhouse-toy-store-31105-brand-new/1561289449,https://www.amazon.ca/s?k=lego+31105&ref=nb_sb_noss
LEGO Star Wars AT-ST Raider 75254 (Brand New),$60.00,Brand new and unopened.,https://www.kijiji.ca//v-toys-games/ottawa/lego-star-wars-at-st-raider-75254-brand-new/1561286007,https://www.amazon.ca/s?k=lego+75254&ref=nb_sb_noss
LEGO Star Wars The Mandalorian Trouble on Tatooine 75299 (New),$30.00,Brand new and unopened.,https://www.kijiji.ca//v-toys-games/ottawa/lego-star-wars-the-mandalorian-trouble-on-tatooine-75299-new/1561284319,https://www.amazon.ca/s?k=lego+75299&ref=nb_sb_noss
"LEGO Star wars SET#4501: Mos Eisley Cantina (2004, New Blue box)",$280.00,Selling a brand new sealed star wars LEGO SET#4501: Mos Eisley Cantina. This set is from 2004 and is the blue box version. Box has minor shelfwear but overall in great condition. Willing to ship ...,https://www.kijiji.ca//v-toys-games/ottawa/lego-star-wars-set-4501:-mos-eisley-cantina-2004-new-blue-box/1561263375,N/A
Brand New Sealed LEGO #10256 Taj Mahal,$550.00,Selling a brand new sealed LEGO #10256 Taj Mahal. Box does have some shelf wear but seals are still intact. Pickup in Ottawa Chinatown (Bronson/gilmour) Checkout my other ads for tons of LEGO and ...,https://www.kijiji.ca//v-toys-games/ottawa/brand-new-sealed-lego-10256-taj-mahal/1561263245,N/A
Lego Movie 2 Kids Bedding Super Soft Sheet Set - 3 Piece Twin Size,$29.99,"Encourage kids to build their own destiny with this cool and colorful sheet set from LEGO Movie 2. Little LEGO fans can drift off to sleep in cool, crisp comfort, surrounded by their favorite LEGO heroes. This blue bedding set includes a high-quality fitted sheet, flat sheet, and pillowcase for a coordinated LEGO",https://www.kijiji.ca//v-bedding/canada/lego-movie-2-kids-bedding-super-soft-sheet-set-3-piece-twin-size/cas_14176752,https://www.amazon.ca/s?k=lego+3&ref=nb_sb_noss
LEGO #71741 NINJAGO CITY GARDENS Brand NEW Sealed!!,$560.00,Selling brand new in sealed box lego set #71741. Comes in the shipping box. Willing to ship across Canada for 30$. Local pickup in Ottawa Chinatown (Bronson/Gilmour) Let me know if you have any ...,https://www.kijiji.ca//v-toys-games/ottawa/lego-71741-ninjago-city-gardens-brand-new-sealed/1561261456,N/A
Lego #75290 Mos Eisley Cantina Brand New Sealed!!,$550.00,Selling brand new lego star wars set #75290 Mos Eisley Cantina. Willing to ship across Canada for $35 Local pickup in Ottawa Chinatown (Bronson/gilmour) Let me know if you have any questions. ...,https://www.kijiji.ca//v-toys-games/ottawa/lego-75290-mos-eisley-cantina-brand-new-sealed/1561261270,N/A
LEGO Star Wars SET#75105: Millennium Falcon Brand New Sealed!!,$230.00,Selling a brand new sealed star wars LEGO SET#75105: Millennium Falcon This set is from 2015. Box has minor shelfwear but overall in great condition. Willing to ship across Canada for $25 Local ...,https://www.kijiji.ca//v-toys-games/ottawa/lego-star-wars-set-75105:-millennium-falcon-brand-new-sealed/1561261192,N/A
Lego Batman - 1989 Batmobile - Limited Edition (40433),$140.00,"This is a limited promo set that came out when you picked up its big brother - the 1989 Batmobile. Brand minty new in a sealed box, from a pet-free and smoke-free home.",https://www.kijiji.ca//v-toys-games/ottawa/lego-batman-1989-batmobile-limited-edition-40433/1532699073,https://www.amazon.ca/s?k=lego+1989&ref=nb_sb_noss
New sealed box Retired LEGO 7663 Star Wars Sith Infiltrator,$75.00,"Brand new. Star Wars 30th anniversary edition. Includes Darth Maul mini figure. Pick up in Chapel Hill, Orleans.",https://www.kijiji.ca//v-toys-games/ottawa/new-sealed-box-retired-lego-7663-star-wars-sith-infiltrator/1561247841,https://www.amazon.ca/s?k=lego+7663&ref=nb_sb_noss
LEGO Harry Potter Hogwarts Astronomy Tower 75969 (Brand New),$100.00,BRAND NEW AND UNOPENED,https://www.kijiji.ca//v-toys-games/ottawa/lego-harry-potter-hogwarts-astronomy-tower-75969-brand-new/1561236257,https://www.amazon.ca/s?k=lego+75969&ref=nb_sb_noss
Lego Pillowcase Lets Build Together Reversible Pillowcase for Kids - 20 X 30 Inch (1 Piece Pillow Case Only),$12.99,"The LEGO ""Let's Build Together"" Pillowcase 1-Pack adds a burst of color and comfort to any bedroom. This pillowcase is standard size and will fit twin/single or full/double pillows. Bright, soft, and machine washable this pillowcase features its own unique graphics. Features: Brand Name: Lego Item Type: Reversible",https://www.kijiji.ca//v-bedding/canada/lego-pillowcase-lets-build-together-reversible-pillowcase-for-kids-20-x-30-inch-1-piece-pillow-case-only/cas_14072706,https://www.amazon.ca/s?k=lego+30&ref=nb_sb_noss
Lego Looney Tunes - 12 minifigure complete sealed set!,$100.00,"For sale is a set of 12 minifigures for Lego Looney Tunes, all still sealed (you will get one of each of the 12 unique figures). Confirmed by feel. Selling for $100 for the set. Pick up in east end ...",https://www.kijiji.ca//v-toys-games/ottawa/lego-looney-tunes-12-minifigure-complete-sealed-set/1561209660,https://www.amazon.ca/s?k=lego+12&ref=nb_sb_noss
LEGO Friends chocolate and flower set 30411,$5.00,"Brand new, sealed set.",https://www.kijiji.ca//v-toys-games/ottawa/lego-friends-chocolate-and-flower-set-30411/1551647648,https://www.amazon.ca/s?k=lego+30411&ref=nb_sb_noss
"Lego Dimensions Sealed Packs sets Chima, LOTR $15 Each",$30.00,"Selling these Lego Dimensions Sealed Packs sets from LOTR (Legolas) and Chima. They are still new sealed, never opened. They are $15 each. Pick up in Orleans.",https://www.kijiji.ca//v-toys-games/ottawa/lego-dimensions-sealed-packs-sets-chima-lotr-15-each/1531227094,N/A
Lego DC Super Heroes Set 6863 New Sealed Batwing Battle,$50.00,"Selling Lego DC Super Heroes set 6863, Batwing Battle over Gotham City. It's new, sealed, never opened. Some minor edge wear/corner wear to the box. Price is $50. Pickup in Orleans off Charlemagne.",https://www.kijiji.ca//v-toys-games/ottawa/lego-dc-super-heroes-set-6863-new-sealed-batwing-battle/1551441319,https://www.amazon.ca/s?k=lego+6863&ref=nb_sb_noss
LEGO Harry Potter Hogwarts Clock Tower 75948 (Brand New),$90.00,Brand new and unopened.,https://www.kijiji.ca//v-toys-games/ottawa/lego-harry-potter-hogwarts-clock-tower-75948-brand-new/1561149501,https://www.amazon.ca/s?k=lego+75948&ref=nb_sb_noss
LEGO Friends Heartlake City Hospital 41394 (Brand New),$55.00,Brand new and unopened.,https://www.kijiji.ca//v-toys-games/ottawa/lego-friends-heartlake-city-hospital-41394-brand-new/1561146998,https://www.amazon.ca/s?k=lego+41394&ref=nb_sb_noss
LEGO Harry Potter Hagrid's Hut 75947 (Brand New),$60.00,Brand new and unopened.,https://www.kijiji.ca//v-toys-games/ottawa/lego-harry-potter-hagrids-hut-75947-brand-new/1561146413,https://www.amazon.ca/s?k=lego+75947&ref=nb_sb_noss
"LEGOs Special! Exclusive, Limited Edition Ideas Vintage Car & ..",$30.00,Are you looking for..... - Brand New - Exclusive - Hard to Find - Limited Edition - Rare - Sealed Lego sets? Ideas Vintage Car (40448) Now only $30! Ice Skating Rink (40416) SPECIAL! $30! The Monster ...,https://www.kijiji.ca//v-toys-games/ottawa/legos-special-exclusive-limited-edition-ideas-vintage-car/1549745831,N/A
LEGO Super Heroes Spider-Man's Monster Truck vs. Mysterio 76174,$40.00,"brand new sealed box pick up only With 4 iconic Marvel characters and an awesome monster truck, LEGO® Marvel Spider-Man: Spider-Man's Monster Truck vs. Mysterio (76174) is a stand-out gift that will ...",https://www.kijiji.ca//v-toys-games/ottawa/lego-super-heroes-spider-mans-monster-truck-vs-mysterio-76174/1561097010,https://www.amazon.ca/s?k=lego+76174&ref=nb_sb_noss
LEGO Star Wars Resistance Y-Wing Starfighter 75249 - BNIB,$75.00,"pick up only brand new SEALED Includes 5 LEGO® Star Wars™ characters: Poe Dameron, Zorii Bliss and First Order Snowtrooper minifigures, and D-O and astromech droid LEGO figures Star Wars™ Resistance ...",https://www.kijiji.ca//v-toys-games/ottawa/lego-star-wars-resistance-y-wing-starfighter-75249-bnib/1561096734,https://www.amazon.ca/s?k=lego+75249&ref=nb_sb_noss
LEGO Technic 42078 - Mack Anthem Truck,$200.00,"42078 - Mack Anthem - 100% complete - 2595 parts - Box is included and opened, with some crush damage, but all parts and instructions remain in factory sealed bags $200 OBO ...",https://www.kijiji.ca//v-toys-games/ottawa/lego-technic-42078-mack-anthem-truck/1561095312,https://www.amazon.ca/s?k=lego+42078&ref=nb_sb_noss
Lego City 60106 Fire Crew Starter Set +4 Pack =8 Minifigures New,$20.00,"Both are brand new and sealed. 8 minifigures in total. Can never have enough minifigures. 850618, Lego CITY Fire Accessory Pack (43 pieces) 60106 Fire Starter Set (90 pieces) $20 for the pair firm or ...",https://www.kijiji.ca//v-toys-games/ottawa/lego-city-60106-fire-crew-starter-set-4-pack-8-minifigures-new/1561054407,https://www.amazon.ca/s?k=lego+60106&ref=nb_sb_noss
Lego Curtains Always Building Together Room Darkeners Drapes Kids Window Curtains - 2 Panels 42 X 63 Inch,$29.99,"If you have a LEGO lover in your family, this LEGO ""Always Building Together"" Room Darkening Drapery Panel is just the right choice to create an inspiring finishing touch to your child's room. This drapery panel will also help keep your child's room cozy with its room darkening design that blocks outside light",https://www.kijiji.ca//v-home-indoor-other/canada/lego-curtains-always-building-together-room-darkeners-drapes-kids-window-curtains-2-panels-42-x-63-inch/cas_14170727,https://www.amazon.ca/s?k=lego+63&ref=nb_sb_noss
Leco crawler COLLECTOR EDITION (set 41999),$600.00,"I have for sale a brand new, sealed, and unopened limited edition Lego set #41999 off road crawler. Released in 2013 for that year only. Lego made just 20,000 of these sets world-wide and each has a ...",https://www.kijiji.ca//v-toys-games/ottawa/leco-crawler-collector-edition-set-41999/1394133760,N/A
Lego 10220 Volkswagen T1 Camper Van + LED light kit,$230.00,"New , sealed with LED light kit . $230 firm If you see ad , it’s available .",https://www.kijiji.ca//v-toys-games/ottawa/lego-10220-volkswagen-t1-camper-van-led-light-kit/1560901949,https://www.amazon.ca/s?k=lego+10220&ref=nb_sb_noss
Super Mario lego,$80.00,Brand new in the box Paid 89.99 plus tax,https://www.kijiji.ca//v-toys-games/ottawa/super-mario-lego/1560808851,N/A
LEGO Creator 3in1 Cyber Drone 31111 (Brand New),$10.00,Brand new and unopened.,https://www.kijiji.ca//v-toys-games/ottawa/lego-creator-3in1-cyber-drone-31111-brand-new/1560763691,https://www.amazon.ca/s?k=lego+31111&ref=nb_sb_noss
LEGO Creator 3in1 Sports Car 31100 (Brand New),$10.00,Brand new and unopened.,https://www.kijiji.ca//v-toys-games/ottawa/lego-creator-3in1-sports-car-31100-brand-new/1560762634,https://www.amazon.ca/s?k=lego+31100&ref=nb_sb_noss
LEGO Creator 3in1 Race Car Transporter 31113 (Brand New),$17.00,Brand new and uopened.,https://www.kijiji.ca//v-toys-games/ottawa/lego-creator-3in1-race-car-transporter-31113-brand-new/1560761978,https://www.amazon.ca/s?k=lego+31113&ref=nb_sb_noss
LEGO Minions Brick-Built Minions and Their Lair 75551,$55.00,Brand new and unopened.,https://www.kijiji.ca//v-toys-games/ottawa/lego-minions-brick-built-minions-and-their-lair-75551/1560758444,https://www.amazon.ca/s?k=lego+75551&ref=nb_sb_noss
Lego Assembly square 10255,$340.00,Brand new unopened,https://www.kijiji.ca//v-toys-games/ottawa/lego-assembly-square-10255/1560729344,https://www.amazon.ca/s?k=lego+10255&ref=nb_sb_noss
Star Wars LEGO - Rare - Sealed Box 4482,$450.00,Rare - Sealed box Star Wars LEGO set 4482. AT—TE.,https://www.kijiji.ca//v-toys-games/ottawa/star-wars-lego-rare-sealed-box-4482/1560722120,https://www.amazon.ca/s?k=lego+4482&ref=nb_sb_noss
Lego Ice Skating Rink 40416,$40.00,Brand new. Not sold in stores.,https://www.kijiji.ca//v-toys-games/ottawa/lego-ice-skating-rink-40416/1560720920,https://www.amazon.ca/s?k=lego+40416&ref=nb_sb_noss
Lego Harry Potter the Monster Book of Monsters 30628,$60.00,Brand new. Not sold in stores.,https://www.kijiji.ca//v-toys-games/ottawa/lego-harry-potter-the-monster-book-of-monsters-30628/1560720184,https://www.amazon.ca/s?k=lego+30628&ref=nb_sb_noss
IDEAS Vintage Car LEGO 40448 BNIB,$35.00,Brand new in box - sealed. Smoke free / Pet free home Cash or e-transfer accepted Pick up - Will deliver with purchase of multiple items Willing to ship at buyer's expense Please checkout my other ...,https://www.kijiji.ca//v-toys-games/ottawa/ideas-vintage-car-lego-40448-bnib/1560676419,https://www.amazon.ca/s?k=lego+40448&ref=nb_sb_noss
LEGO - Razor Crest (Star Wars the Mandolorian) - New in box,$190.00,"Brand new, in-box, unopened. This is THE hard-to-find latest amazing LEGO set. 1,023 pieces. Pick up centrally, or in many cases, I can drop it off to you. Can only find it right now on Amazon for ...",https://www.kijiji.ca//v-toys-games/ottawa/lego-razor-crest-star-wars-the-mandolorian-new-in-box/1560666080,N/A
Brand new sealed LEGO roller coaster,$530.00,Brand new sealed LEGO roller coaster 4124 pieces,https://www.kijiji.ca//v-toys-games/ottawa/brand-new-sealed-lego-roller-coaster/1551255118,N/A
LEGO Creator 3in1 Space Rover Explorer 31107 (Brand New),$35.00,Brand new and unopened.,https://www.kijiji.ca//v-toys-games/ottawa/lego-creator-3in1-space-rover-explorer-31107-brand-new/1560601064,https://www.amazon.ca/s?k=lego+31107&ref=nb_sb_noss
LEGO Ninjago Kai Fighter 71704 (Brand New),$35.00,Brand new and unopened.,https://www.kijiji.ca//v-toys-games/ottawa/lego-ninjago-kai-fighter-71704-brand-new/1560600495,https://www.amazon.ca/s?k=lego+71704&ref=nb_sb_noss
LEGO NINJAGO Legacy Boulder Blaster 71736 (Brand New),$35.00,Brand new and unopened.,https://www.kijiji.ca//v-toys-games/ottawa/lego-ninjago-legacy-boulder-blaster-71736-brand-new/1560599965,https://www.amazon.ca/s?k=lego+71736&ref=nb_sb_noss
NEW Pokemon building sets - Slowpoke and Raichu,$10.00,"These sets sre similar to Lego, but are Mega brand. They can be used with Lego. Hours of fun, for those aged 6 and up! -$10.00 each, or 2/$17.00",https://www.kijiji.ca//v-toys-games/ottawa/new-pokemon-building-sets-slowpoke-and-raichu/1560535192,N/A
Lego Pillowcase Lets Build Together Reversible Pillowcase for Kids - 20 X 30 Inch (1 Piece Pillow Case Only),$12.99,"The LEGO ""Let's Build Together"" Pillowcase 1-Pack adds a burst of color and comfort to any bedroom. This pillowcase is standard size and will fit twin/single or full/double pillows. Bright, soft, and machine washable this pillowcase features its own unique graphics. Features: Brand Name: Lego Item Type: Reversible",https://www.kijiji.ca//v-bedding/canada/lego-pillowcase-lets-build-together-reversible-pillowcase-for-kids-20-x-30-inch-1-piece-pillow-case-only/cas_14072706,https://www.amazon.ca/s?k=lego+30&ref=nb_sb_noss
"Nintendo 3DS Games - Street Fighter, Ridge Racer, Lego Star Wars",Please Contact,"Selling the following games, all originally purchased brand new: Street Fighter IV 3D - $20 Ridge Racer 3D - $25 Lego Star Wars III: The Clone Wars - $5 All three - $45 Pick-up only in South Kanata. ...",https://www.kijiji.ca//v-nintendo-ds/ottawa/nintendo-3ds-games-street-fighter-ridge-racer-lego-star-wars/1560418720,N/A
Lego #60233 - Donut Shop Opening - Retired,$130.00,Brand New/Sealed - Box is nearly perfect. Retired product. Price is firm.,https://www.kijiji.ca//v-toys-games/ottawa/lego-60233-donut-shop-opening-retired/1560362442,N/A
Lego  (3 sets) Legends of Chima,Please Contact,"$15 70129 Lavertus twin blade, with instructions. Elastic color different $18 70205 Razar, NEW in sealed bag $7 70001 Crawley's claw ripper with instructions. Mask for fig013 missing and mask similar ...",https://www.kijiji.ca//v-toys-games/ottawa/lego-3-sets-legends-of-chima/1560317478,N/A
Caterpillar lego construction site,$20.00,Brand new OBO,https://www.kijiji.ca//v-toys-games/ottawa/caterpillar-lego-construction-site/1550969697,N/A
LEGO 76098 Speed Force Freeze Pursuit (SEALED),$150.00,Pursue Reverse Flash and grab the Energy Infuser! Brand New in sealed box,https://www.kijiji.ca//v-toys-games/ottawa/lego-76098-speed-force-freeze-pursuit-sealed/1437741847,https://www.amazon.ca/s?k=lego+76098&ref=nb_sb_noss
Lego Star Wars 75233 Droid Gunship (SEALED),$175.00,"Brand new, never opened Reinforce any LEGO® Star Wars™ construction toy collector’s forces with the heavily armored LEGO Star Wars 75233 Droid Gunship. As seen in Star Wars: The Revenge of the Sith, ...",https://www.kijiji.ca//v-toys-games/ottawa/lego-star-wars-75233-droid-gunship-sealed/1490003141,https://www.amazon.ca/s?k=lego+75233&ref=nb_sb_noss
Lego Curtains Always Building Together Room Darkeners Drapes Kids Window Curtains - 2 Panels 42 X 63 Inch,$29.99,"If you have a LEGO lover in your family, this LEGO ""Always Building Together"" Room Darkening Drapery Panel is just the right choice to create an inspiring finishing touch to your child's room. This drapery panel will also help keep your child's room cozy with its room darkening design that blocks outside light",https://www.kijiji.ca//v-home-indoor-other/canada/lego-curtains-always-building-together-room-darkeners-drapes-kids-window-curtains-2-panels-42-x-63-inch/cas_14170727,https://www.amazon.ca/s?k=lego+63&ref=nb_sb_noss
"Lego Dimensions Xbox One Video Game "" Factory Sealed """,$40.00,This is a brand new Factory Sealed Lego Dimensions Xbox One Video Game. Call 613-799-4762 if you are interested No Texts Please,https://www.kijiji.ca//v-xbox-one/ottawa/lego-dimensions-xbox-one-video-game-factory-sealed/1560211082,N/A
LEGO Superheores l,$300.00,Brand new and sealed Hard to find and retired set Asking $300,https://www.kijiji.ca//v-toys-games/ottawa/lego-superheores-l/1560137677,N/A
"Brand NEW, Exclusive, Hard to find, Rare & Retired LEGO Sets",Please Contact,"Are you looking for..... Brand NEW, Exclusive, Hard to find, Limited Edition, Rare & RETIRED LEGO sets? You are in luck! Great gift for any Lego fans! Pic #2- Winter Village Fire Station (10263) Hard ...",https://www.kijiji.ca//v-toys-games/ottawa/brand-new-exclusive-hard-to-find-rare-retired-lego-sets/1540143326,N/A
LEGO Marvel Avengers Iron Man Hulkbuster Versus A.I.M. Agent,$30.00,BRAND NEW AND UNOPENED,https://www.kijiji.ca//v-toys-games/ottawa/lego-marvel-avengers-iron-man-hulkbuster-versus-a-i-m-agent/1550624857,N/A
LEGO City Great Vehicles Construction Bulldozer 60252 -Brand New,$17.00,Brand new and unopened.,https://www.kijiji.ca//v-toys-games/ottawa/lego-city-great-vehicles-construction-bulldozer-60252-brand-new/1550575051,https://www.amazon.ca/s?k=lego+60252&ref=nb_sb_noss
Lego 10276 Colossem,$900.00,Brand New in the original shipping box! Pick up only.,https://www.kijiji.ca//v-toys-games/ottawa/lego-10276-colossem/1540093587,https://www.amazon.ca/s?k=lego+10276&ref=nb_sb_noss
Lego Wall E 21303 Brand New,$230.00,Brand new Wall E,https://www.kijiji.ca//v-toys-games/ottawa/lego-wall-e-21303-brand-new/1545627368,https://www.amazon.ca/s?k=lego+21303&ref=nb_sb_noss
Lego 31097 Brand New,$95.00,Townhouse Pet Shop & Café Brand New,https://www.kijiji.ca//v-toys-games/ottawa/lego-31097-brand-new/1545362353,https://www.amazon.ca/s?k=lego+31097&ref=nb_sb_noss
LEGO DUPLO Batman Batcave 10919 (Brand New),$30.00,Brand new and unopened.,https://www.kijiji.ca//v-toys-games/ottawa/lego-duplo-batman-batcave-10919-brand-new/1559974772,https://www.amazon.ca/s?k=lego+10919&ref=nb_sb_noss
LEGO City Great Vehicles Race Boat Transporter 60254 (Brand New),$30.00,Brand new and unopened.,https://www.kijiji.ca//v-toys-games/ottawa/lego-city-great-vehicles-race-boat-transporter-60254-brand-new/1559973710,https://www.amazon.ca/s?k=lego+60254&ref=nb_sb_noss
LEGO Disney Aurora’s Forest Cottage 43188 (Brand New),$35.00,Brand new and unopened.,https://www.kijiji.ca//v-toys-games/ottawa/lego-disney-aurora-s-forest-cottage-43188-brand-new/1559973494,https://www.amazon.ca/s?k=lego+43188&ref=nb_sb_noss
Lego creator NASA Space Shuttle Discovery,$300.00,"brand new in perfect box Lego creator NASA Space Shuttle Discovery Local meet up only Put duplicate order, price lowered to save the trouble But still can return so no offer will be considered",https://www.kijiji.ca//v-toys-games/ottawa/lego-creator-nasa-space-shuttle-discovery/1559833805,N/A
Lego Movie 2 Kids Bedding Super Soft Sheet Set - 3 Piece Twin Size,$29.99,"Encourage kids to build their own destiny with this cool and colorful sheet set from LEGO Movie 2. Little LEGO fans can drift off to sleep in cool, crisp comfort, surrounded by their favorite LEGO heroes. This blue bedding set includes a high-quality fitted sheet, flat sheet, and pillowcase for a coordinated LEGO",https://www.kijiji.ca//v-bedding/canada/lego-movie-2-kids-bedding-super-soft-sheet-set-3-piece-twin-size/cas_14176752,https://www.amazon.ca/s?k=lego+3&ref=nb_sb_noss
Harry Potter Lego Hogwarts Castle,$340.00,Brand New (comes in plain box) 6000+ pieces (all bags verified and unopened) Replica of Lego Castle 71043 This set is not made by Lego but it's a copy making this set Lego compatible Review: ...,https://www.kijiji.ca//v-toys-games/ottawa/harry-potter-lego-hogwarts-castle/1559781481,N/A
LEGO Exclusive Harry Potter The Monster Book of Monsters(30628),$30.00,"Brand New, Exclusive, Sealed & Unopened! Harry Potter fan must have! The Monster Book of Monsters (30628) Can be pick up in downtown or can delivery depends on where (if more than 15km +$5 gas)",https://www.kijiji.ca//v-toys-games/ottawa/lego-exclusive-harry-potter-the-monster-book-of-monsters-30628/1549465727,N/A
LEGO TECHNIC #42068 AIRPORT RESCUE VEHICLE BRAND NEW IN BOX,$195.00,"LEGO TECHNIC set #42068 Airport Rescue Vehicle New in factory sealed box Box in very good condition, slight indentation but no tearing, breaks, or creases Pet and smoke free home $195 Will arrange ...",https://www.kijiji.ca//v-toys-games/ottawa/lego-technic-42068-airport-rescue-vehicle-brand-new-in-box/1541487865,N/A
LEGO HYDRA FORTRESS SMASH 76041  BRAND NEW SEALED IN BOX $110,$110.00,"Hydra Fortress Smash #76041 Brand new sealed in original box $110 Will arrange for delivery anywhere in Canada non-smoking, non-pet home PLEASE CHECK OUT MY MANY OTHER LEGO ADS",https://www.kijiji.ca//v-toys-games/ottawa/lego-hydra-fortress-smash-76041-brand-new-sealed-in-box-110/1500781305,https://www.amazon.ca/s?k=lego+76041&ref=nb_sb_noss
LEGO Friends Olivia’s Beach Buggy,$5.00,LEGO friends Olivia’s Beach Buggy is sealed in a plastic bag and was gently used. It includes all of its pieces and the instructions.,https://www.kijiji.ca//v-toys-games/ottawa/lego-friends-olivia-s-beach-buggy/1499465007,N/A
Lego Friends 41115 – Emma’s Creative Workshop,$15.00,"Complete with instructions and box (pieces are sealed in their original bags) – Retired. Never assembled. Please see my other ads for more Lego and other toys. If interested in multiple sets, please ...",https://www.kijiji.ca//v-toys-games/ottawa/lego-friends-41115-emma-s-creative-workshop/1559497275,https://www.amazon.ca/s?k=lego+41115&ref=nb_sb_noss
Lego Pillowcase Lets Build Together Reversible Pillowcase for Kids - 20 X 30 Inch (1 Piece Pillow Case Only),$12.99,"The LEGO ""Let's Build Together"" Pillowcase 1-Pack adds a burst of color and comfort to any bedroom. This pillowcase is standard size and will fit twin/single or full/double pillows. Bright, soft, and machine washable this pillowcase features its own unique graphics. Features: Brand Name: Lego Item Type: Reversible",https://www.kijiji.ca//v-bedding/canada/lego-pillowcase-lets-build-together-reversible-pillowcase-for-kids-20-x-30-inch-1-piece-pillow-case-only/cas_14072706,https://www.amazon.ca/s?k=lego+30&ref=nb_sb_noss
LEGO City Space Port Lunar Space Station 60227 (Brand New),$75.00,Brand new and unopened.,https://www.kijiji.ca//v-toys-games/ottawa/lego-city-space-port-lunar-space-station-60227-brand-new/1559496911,https://www.amazon.ca/s?k=lego+60227&ref=nb_sb_noss
LEGO City Police Monster Truck Heist 60245 (Brand New),$40.00,Brand new and unopened.,https://www.kijiji.ca//v-toys-games/ottawa/lego-city-police-monster-truck-heist-60245-brand-new/1559495462,https://www.amazon.ca/s?k=lego+60245&ref=nb_sb_noss
LEGO Minecraft The Illager Raid 21160 (Brand New),$60.00,Brand new and unopened.,https://www.kijiji.ca//v-toys-games/ottawa/lego-minecraft-the-illager-raid-21160-brand-new/1559495153,https://www.amazon.ca/s?k=lego+21160&ref=nb_sb_noss
Lego 76159,$40.00,Lego Batman/Joker Brand new Never opened box,https://www.kijiji.ca//v-toys-games/ottawa/lego-76159/1559494722,https://www.amazon.ca/s?k=lego+76159&ref=nb_sb_noss
LEGO Disney Frozen II Arendelle Castle Village 41167 (Brand New),$70.00,Brand new and unopened,https://www.kijiji.ca//v-toys-games/ottawa/lego-disney-frozen-ii-arendelle-castle-village-41167-brand-new/1559484136,https://www.amazon.ca/s?k=lego+41167&ref=nb_sb_noss
Lego 70751 Ninjago Temple of Airjutzu New,$590.00,Lego 70751 Ninjago Temple of Airjutzu Brand new in sealed box,https://www.kijiji.ca//v-toys-games/ottawa/lego-70751-ninjago-temple-of-airjutzu-new/1520521537,https://www.amazon.ca/s?k=lego+70751&ref=nb_sb_noss
BNIB Lego Hogwarts Castle 71043,$550.00,Selling a brand new unopened box of Lego Hogwarts Castle. Picture is for reference only. Willing to trade for unopened Diagon Alley or opened Diagon Alley plus cash. Local pickup only,https://www.kijiji.ca//v-toys-games/ottawa/bnib-lego-hogwarts-castle-71043/1559457318,https://www.amazon.ca/s?k=lego+71043&ref=nb_sb_noss
Lego Star Wars 75137 Carbon Freezing Chamber New Sealed,$50.00,This set is brand new and sealed. $50 Can deliver if not too far.,https://www.kijiji.ca//v-toys-games/ottawa/lego-star-wars-75137-carbon-freezing-chamber-new-sealed/1559408712,https://www.amazon.ca/s?k=lego+75137&ref=nb_sb_noss
LEGO City Fire Station 60215 (Brand New),$70.00,BRAND NEW AND UNOPENED.,https://www.kijiji.ca//v-toys-games/ottawa/lego-city-fire-station-60215-brand-new/1550172584,https://www.amazon.ca/s?k=lego+60215&ref=nb_sb_noss
LEGO Friends Nature Glamping 41392 (Brand New),$30.00,Brand new and unopened,https://www.kijiji.ca//v-toys-games/ottawa/lego-friends-nature-glamping-41392-brand-new/1559322974,https://www.amazon.ca/s?k=lego+41392&ref=nb_sb_noss
LEGO Friends Baking Competition 41393 (Brand New),$35.00,Brand new and unopened,https://www.kijiji.ca//v-toys-games/ottawa/lego-friends-baking-competition-41393-brand-new/1559321603,https://www.amazon.ca/s?k=lego+41393&ref=nb_sb_noss
LEGO Friends Heartlake City Organic Café 41444 (Brand New),$30.00,Brand new and unopened,https://www.kijiji.ca//v-toys-games/ottawa/lego-friends-heartlake-city-organic-cafe-41444-brand-new/1559320921,https://www.amazon.ca/s?k=lego+41444&ref=nb_sb_noss
Lego Curtains Always Building Together Room Darkeners Drapes Kids Window Curtains - 2 Panels 42 X 63 Inch,$29.99,"If you have a LEGO lover in your family, this LEGO ""Always Building Together"" Room Darkening Drapery Panel is just the right choice to create an inspiring finishing touch to your child's room. This drapery panel will also help keep your child's room cozy with its room darkening design that blocks outside light",https://www.kijiji.ca//v-home-indoor-other/canada/lego-curtains-always-building-together-room-darkeners-drapes-kids-window-curtains-2-panels-42-x-63-inch/cas_14170727,https://www.amazon.ca/s?k=lego+63&ref=nb_sb_noss
LEGO City Police Helicopter Chase 60243 (Brand New),$30.00,Brand new and unopened,https://www.kijiji.ca//v-toys-games/ottawa/lego-city-police-helicopter-chase-60243-brand-new/1559319746,https://www.amazon.ca/s?k=lego+60243&ref=nb_sb_noss
Arctic Exploration Team Lego 60191 Snowmobile Husky 3 figs,$20.00,"New, factory sealed Lego set 2018 release, now retired Lego 60191 Arctic Exploration Team Snowmobile Ice Block Husky Dog 3 Mini Figures smoke free home $20.00 local pickup only. no shipping, no ...",https://www.kijiji.ca//v-toys-games/ottawa/arctic-exploration-team-lego-60191-snowmobile-husky-3-figs/1559300717,https://www.amazon.ca/s?k=lego+60191&ref=nb_sb_noss
Lego Porsche GT3 RS,$800.00,"In unopened sealed box, and original also unopened shipping box. Will not ship. Located in Ottawa",https://www.kijiji.ca//v-toys-games/ottawa/lego-porsche-gt3-rs/1549941004,N/A
Sick bricks LEGO compatible,$10.00,"11 brand new packs of sickbricks. Bought these as loot bag items... but then COVID came along to ruin the party. Pick up in Chapel Hill, Orleans.",https://www.kijiji.ca//v-toys-games/ottawa/sick-bricks-lego-compatible/1550029586,N/A
*NEW* Mega Bloks Monster High Monsterific Boos,$8.00,"Brand New – Sealed/Unopened Mega Construx - Lego compatible bricks. Ideal for ages 6 and up. Please see my other ads for more Lego and toys. Located in Orleans, Smoke/pet free home.",https://www.kijiji.ca//v-toys-games/ottawa/new-mega-bloks-monster-high-monsterific-boos/1549954729,N/A
Space Espace / Block Tech LEGO,$10.00,"Brand new Space Espace / Block Tech LEGO . Posted in buy and sell, toys, games in Ottawa. January 12, 2020",https://www.kijiji.ca//v-toys-games/ottawa/space-espace-block-tech-lego/1482132597,N/A
Lego Movie 2 Kids Bedding Super Soft Sheet Set - 3 Piece Twin Size,$29.99,"Encourage kids to build their own destiny with this cool and colorful sheet set from LEGO Movie 2. Little LEGO fans can drift off to sleep in cool, crisp comfort, surrounded by their favorite LEGO heroes. This blue bedding set includes a high-quality fitted sheet, flat sheet, and pillowcase for a coordinated LEGO",https://www.kijiji.ca//v-bedding/canada/lego-movie-2-kids-bedding-super-soft-sheet-set-3-piece-twin-size/cas_14176752,https://www.amazon.ca/s?k=lego+3&ref=nb_sb_noss
Lego Ideas 21301: Birds MISB,$180.00,This set is mint in sealed box.,https://www.kijiji.ca//v-toys-games/ottawa/lego-ideas-21301:-birds-misb/1559149685,N/A
LEGO  Star Wars R2-D2 10225 BRAND NEW,$400.00,Brand in in sealed box.,https://www.kijiji.ca//v-toys-games/ottawa/lego-star-wars-r2-d2-10225-brand-new/1559117121,https://www.amazon.ca/s?k=lego+10225&ref=nb_sb_noss
LEGO Monster Fighters Haunted House 10228 BRAND NEW,$700.00,Brand new in sealed box.,https://www.kijiji.ca//v-toys-games/ottawa/lego-monster-fighters-haunted-house-10228-brand-new/1559116107,https://www.amazon.ca/s?k=lego+10228&ref=nb_sb_noss
Justice Leagu vs Bizarro League LEGO Movie DVD,$5.00,Brand new. Minifigure not included.,https://www.kijiji.ca//v-cd-dvd-blu-ray/ottawa/justice-leagu-vs-bizarro-league-lego-movie-dvd/1559106831,N/A
LEGO BIONICLE PHANTOKA TOA KOPAKA 8685,Please Contact,IF YOU SEE THIS ITEM POSTED HERE IT'S AVAILABLE LEGO Bionicle Phantoka Toa Kopaka 8685 $50 NEW in Sealed Original Factory Package Items can be shipped if you are not local to the Ottawa area,https://www.kijiji.ca//v-buy-sell-other/ottawa/lego-bionicle-phantoka-toa-kopaka-8685/1559092752,https://www.amazon.ca/s?k=lego+8685&ref=nb_sb_noss
Passenger Train BNIB Lego 60197,$175.00,Brand new in box - sealed. Smoke free / Pet free home Cash or e-transfer accepted Pick up - Will deliver with purchase of multiple items Willing to ship at buyer's expense Please checkout my other ...,https://www.kijiji.ca//v-toys-games/ottawa/passenger-train-bnib-lego-60197/1559001737,https://www.amazon.ca/s?k=lego+60197&ref=nb_sb_noss
Flower Bouquet LEGO 10280 BNIB - 756 Pieces,$95.00,These make a great gift. They are currently sold out at Lego. Brand new in box - sealed Smoke free / Pet free home Cash or e-transfer accepted Pick up - Will deliver with purchase of multiple items ...,https://www.kijiji.ca//v-toys-games/ottawa/flower-bouquet-lego-10280-bnib-756-pieces/1559000594,https://www.amazon.ca/s?k=lego+10280&ref=nb_sb_noss
LEGO inspired Hockey Hoodie NEW,$95.00,"Brand New 100% Polyester Polyfleece Twill Pullover Hoodie by Athletic Knit Custom Embroidered LEGO Inspired Crest (56,175 stitches) Skate Lace Neck Sizes available: XS: 38"" to 40"" chest S: 41"" to 43"" ...",https://www.kijiji.ca//v-clothing-lot/ottawa/lego-inspired-hockey-hoodie-new/1558980234,N/A
LEGO #70810 MetalBeard's Sea Cow,$600.00,Brand new in the box,https://www.kijiji.ca//v-toys-games/ottawa/lego-70810-metalbeards-sea-cow/1472321171,N/A
Brand New Sealed LEGO Millennium Falcon 75192,"$1,300.00","brand new, sealed in box, never opened",https://www.kijiji.ca//v-toys-games/ottawa/brand-new-sealed-lego-millennium-falcon-75192/1558915639,https://www.amazon.ca/s?k=lego+75192&ref=nb_sb_noss
LEGO Speed Champions Porsche 911 Turbo,$25.00,Lego Speed Champions Porsche 911 Turbo. Assembled and complete. Includes original box. In brand new condition.,https://www.kijiji.ca//v-toys-games/ottawa/lego-speed-champions-porsche-911-turbo/1558913761,https://www.amazon.ca/s?k=lego+911&ref=nb_sb_noss
Brand New LEGO 42115 Lamborghini Sián FKP 37,$520.00,Factory sealed Pick up in Kanata,https://www.kijiji.ca//v-toys-games/ottawa/brand-new-lego-42115-lamborghini-sian-fkp-37/1558834196,https://www.amazon.ca/s?k=lego+42115&ref=nb_sb_noss
Lego Pillowcase Lets Build Together Reversible Pillowcase for Kids - 20 X 30 Inch (1 Piece Pillow Case Only),$12.99,"The LEGO ""Let's Build Together"" Pillowcase 1-Pack adds a burst of color and comfort to any bedroom. This pillowcase is standard size and will fit twin/single or full/double pillows. Bright, soft, and machine washable this pillowcase features its own unique graphics. Features: Brand Name: Lego Item Type: Reversible",https://www.kijiji.ca//v-bedding/canada/lego-pillowcase-lets-build-together-reversible-pillowcase-for-kids-20-x-30-inch-1-piece-pillow-case-only/cas_14072706,https://www.amazon.ca/s?k=lego+30&ref=nb_sb_noss
Lego 21046 Empire State Building,$150.00,Brand New Factory Sealed Pick up in Kanata,https://www.kijiji.ca//v-toys-games/ottawa/lego-21046-empire-state-building/1558833358,https://www.amazon.ca/s?k=lego+21046&ref=nb_sb_noss
LEGOs Limited Time Special! (30628),$30.00,"Are you looking for..... - Exclusive - Hard to Find - Limited Edition - Rare - Sealed Lego sets? Check these out! All sets are Brand New, Exclusive/ Limited Edition, Unopened, & Sealed!!! Harry ...",https://www.kijiji.ca//v-toys-games/ottawa/legos-limited-time-special-30628/1547837352,N/A
Lego star wars,$30.00,Lego stars wars set brand new and unopened. Selling because it was a gift but already own it,https://www.kijiji.ca//v-toys-games/ottawa/lego-star-wars/1558793210,N/A
LEGO NINJAGO Zane’s Mino Creature 71719 (Brand New),$40.00,BRAND NEW AND UNOPENED.,https://www.kijiji.ca//v-toys-games/ottawa/lego-ninjago-zane-s-mino-creature-71719-brand-new/1549666990,https://www.amazon.ca/s?k=lego+71719&ref=nb_sb_noss
XBox One Games (Brand New) - $10 each,Please Contact,Battlechasers: Nightwar Borderlands 3 Carnival Games (SOLD) Far Cry 3 (Classic Edition) Grid Hitman 2 (SOLD) Hunt: Showdown (SOLD) Lego Marvel Collection (SOLD) Man Eater (SOLD) Mortal Kombat 11 ...,https://www.kijiji.ca//v-xbox-one/ottawa/xbox-one-games-brand-new-10-each/1549552493,N/A
LEGO Avengers Iron Man Hulkbuster vs A.I.M. Agent 76164 (New),$30.00,Brand new and unopened.,https://www.kijiji.ca//v-toys-games/ottawa/lego-avengers-iron-man-hulkbuster-vs-a-i-m-agent-76164-new/1549549269,https://www.amazon.ca/s?k=lego+76164&ref=nb_sb_noss
Lego Curtains Always Building Together Room Darkeners Drapes Kids Window Curtains - 2 Panels 42 X 63 Inch,$29.99,"If you have a LEGO lover in your family, this LEGO ""Always Building Together"" Room Darkening Drapery Panel is just the right choice to create an inspiring finishing touch to your child's room. This drapery panel will also help keep your child's room cozy with its room darkening design that blocks outside light",https://www.kijiji.ca//v-home-indoor-other/canada/lego-curtains-always-building-together-room-darkeners-drapes-kids-window-curtains-2-panels-42-x-63-inch/cas_14170727,https://www.amazon.ca/s?k=lego+63&ref=nb_sb_noss
Lego Easter carrot house - limited edition,$25.00,New sealed Easter carrot house and chick sets. Selling together.,https://www.kijiji.ca//v-toys-games/ottawa/lego-easter-carrot-house-limited-edition/1558752340,N/A
Lego 40145 Retired,$65.00,New sealed,https://www.kijiji.ca//v-toys-games/ottawa/lego-40145-retired/1558743271,https://www.amazon.ca/s?k=lego+40145&ref=nb_sb_noss
Lego 40449,$35.00,New sealed,https://www.kijiji.ca//v-toys-games/ottawa/lego-40449/1558743105,https://www.amazon.ca/s?k=lego+40449&ref=nb_sb_noss
Lego Duplo Bricks – All Real Lego – 160 pcs,$35.00,The cool thing about these block pieces is that it’s great for imagination as you need to build the items/animals yourself. Fun to create a brand new species too! Here are some of our other creations ...,https://www.kijiji.ca//v-toys-games/ottawa/lego-duplo-bricks-all-real-lego-160-pcs/1558714452,https://www.amazon.ca/s?k=lego+160&ref=nb_sb_noss
"Blocks magazine from UK, brand new (LEGO)",$10.00,Issue 69 of Blocks magazine from the UK. I accidentally ordered two of the same so I’m selling it for what I paid (with the conversion and shipping). Price reduced. Contactless pick up in Kanata ...,https://www.kijiji.ca//v-toys-games/ottawa/blocks-magazine-from-uk-brand-new-lego/1540452931,N/A
Lego compatible ice cream truck building blocks toys,$30.00,Brand new. Never opened.,https://www.kijiji.ca//v-toys-games/ottawa/lego-compatible-ice-cream-truck-building-blocks-toys/1558558943,N/A
Lego 70914 Batman Movie Bane toxic truck attack. Brand new!,$60.00,"Brand new. Sealed in box. Never opened. Lego Batman Movie. Includes Batman, mutant leader and Bane big figure. 366 pieces. Promotes creative play. Cash only. Barrhaven or Tunney's Pasture.",https://www.kijiji.ca//v-toys-games/ottawa/lego-70914-batman-movie-bane-toxic-truck-attack-brand-new/1558422083,https://www.amazon.ca/s?k=lego+70914&ref=nb_sb_noss
"Lego movie , Movie maker set",$40.00,Brand new. Sealed in box. Comes with 6 figures. Cash only. Barhaven or Tunney's Pasture.,https://www.kijiji.ca//v-toys-games/ottawa/lego-movie-movie-maker-set/1558413389,N/A
Lego Classic 10704. 900 pieces.,$45.00,Brand new. Sealed box. Lego Classic 10704. Bring out the creativity in your child. Cash only. Barrhaven or Tunney's Pasture.,https://www.kijiji.ca//v-toys-games/ottawa/lego-classic-10704-900-pieces/1558400966,https://www.amazon.ca/s?k=lego+900&ref=nb_sb_noss
LEGO SPEED CHAMPIONS MINI COOPER RALLY BRAND NEW IN SEALED BOX,$75.00,LEGO #75894 Speed Champions 1967 Mini Cooper S Rally and 2018 MINI John Cooper Works Buggy Brand new in factory sealed box Pet and smoke free home Will arrange delivery throughout Canada Local ...,https://www.kijiji.ca//v-toys-games/ottawa/lego-speed-champions-mini-cooper-rally-brand-new-in-sealed-box/1558360015,N/A
Kylo Ren & Sith Trooper Brick Headz LEGO 75232 BNIB Sealed,$40.00,Kylo Ren & Sith Trooper Brick Headz 75232 - Retired 2019 Brand new in box - Sealed Smoke free / Pet free home Cash or e-transfer accepted Pick up or will deliver with other items Willing to ship at ...,https://www.kijiji.ca//v-toys-games/ottawa/kylo-ren-sith-trooper-brick-headz-lego-75232-bnib-sealed/1558302677,https://www.amazon.ca/s?k=lego+75232&ref=nb_sb_noss
Star Wars Resistance Bomber LEGO 75188 - BNIB Sealed,$190.00,Resistance Bomber 75188 - Retired 2017 Brand new in box - Sealed This box has some Shelf ware - box has creasing on its right side side. Smoke free / Pet free home Cash or e-transfer accepted Pick up ...,https://www.kijiji.ca//v-toys-games/ottawa/star-wars-resistance-bomber-lego-75188-bnib-sealed/1558301803,https://www.amazon.ca/s?k=lego+75188&ref=nb_sb_noss
Lego Movie 2 Kids Bedding Super Soft Sheet Set - 3 Piece Twin Size,$29.99,"Encourage kids to build their own destiny with this cool and colorful sheet set from LEGO Movie 2. Little LEGO fans can drift off to sleep in cool, crisp comfort, surrounded by their favorite LEGO heroes. This blue bedding set includes a high-quality fitted sheet, flat sheet, and pillowcase for a coordinated LEGO",https://www.kijiji.ca//v-bedding/canada/lego-movie-2-kids-bedding-super-soft-sheet-set-3-piece-twin-size/cas_14176752,https://www.amazon.ca/s?k=lego+3&ref=nb_sb_noss
LEGO DC Wonder Woman vs Cheetah 76157 (Brand New),$25.00,Brand new and unopened.,https://www.kijiji.ca//v-toys-games/ottawa/lego-dc-wonder-woman-vs-cheetah-76157-brand-new/1549245464,https://www.amazon.ca/s?k=lego+76157&ref=nb_sb_noss
LEGO Marvel Stark Jet and the Drone Attack 76130 (Brand New),$70.00,Brand new and unopened.,https://www.kijiji.ca//v-toys-games/ottawa/lego-marvel-stark-jet-and-the-drone-attack-76130-brand-new/1549231027,https://www.amazon.ca/s?k=lego+76130&ref=nb_sb_noss
THE LEGO MOVIE 2 LEGO Movie Maker 70820 (Brand New),$20.00,Brand new and unopened.,https://www.kijiji.ca//v-toys-games/ottawa/the-lego-movie-2-lego-movie-maker-70820-brand-new/1549230514,https://www.amazon.ca/s?k=lego+70820&ref=nb_sb_noss
LEGO Super Mario Boomer Bill Barrage Expansion Set 71366,$30.00,BRAND NEW AND UNOPENED.,https://www.kijiji.ca//v-toys-games/ottawa/lego-super-mario-boomer-bill-barrage-expansion-set-71366/1549095842,https://www.amazon.ca/s?k=lego+71366&ref=nb_sb_noss
Brand new authentic Lego earrings,$10.00,"Selling together 5 pairs of unused, never worn Lego earrings. I bought them at a craft fair but didn't end up gifting them. All are made locally with authentic Lego pieces.",https://www.kijiji.ca//v-jewelry-watch/ottawa/brand-new-authentic-lego-earrings/1549192575,N/A
LEGO Vidiyo Bandmates,$6.00,"Various LEGO Vidiyo bandmates for sale. Opened carefully to peek at contents while we searched for specific desired characters and then sealed back up! Selling for $6 each, or will trade 1 to 1 for ...",https://www.kijiji.ca//v-toys-games/ottawa/lego-vidiyo-bandmates/1558240919,N/A
Lego Pillowcase Lets Build Together Reversible Pillowcase for Kids - 20 X 30 Inch (1 Piece Pillow Case Only),$12.99,"The LEGO ""Let's Build Together"" Pillowcase 1-Pack adds a burst of color and comfort to any bedroom. This pillowcase is standard size and will fit twin/single or full/double pillows. Bright, soft, and machine washable this pillowcase features its own unique graphics. Features: Brand Name: Lego Item Type: Reversible",https://www.kijiji.ca//v-bedding/canada/lego-pillowcase-lets-build-together-reversible-pillowcase-for-kids-20-x-30-inch-1-piece-pillow-case-only/cas_14072706,https://www.amazon.ca/s?k=lego+30&ref=nb_sb_noss
LEGO 30579: Easter Chick Egg,$5.00,LEGO 30579: Easter Chick Egg Brand new in sealed poly-bag. Selling for $5 From a smoke free and pet free home.,https://www.kijiji.ca//v-toys-games/ottawa/lego-30579:-easter-chick-egg/1558232924,N/A
LEGO 40450: Amelia Earhart Tribute,$40.00,LEGO 40450: Amelia Earhart Tribute Brand new in sealed box. This is a limited edition set. Selling for $40. From a smoke free and pet free home.,https://www.kijiji.ca//v-toys-games/ottawa/lego-40450:-amelia-earhart-tribute/1558232512,N/A
LEGO Harry Potter 4 Privet Drive 75968 (Brand New),$75.00,BRAND NEW AND UNOPENED.,https://www.kijiji.ca//v-toys-games/ottawa/lego-harry-potter-4-privet-drive-75968-brand-new/1558231540,https://www.amazon.ca/s?k=lego+75968&ref=nb_sb_noss
LEGO MOS EISLEY CANTINA #75290  BRAND NEW FACTORY SEALED BOX,$550.00,"✔️ LEGO Star Wars Mos Eisley Cantina ✔️ Brand New in Factory Sealed Box ✔️ Pet and Smoke Free Home ✈ Shipping Can be arranged throughout Canada ✈ Local Delivery possible in Ottawa, Smiths Falls, ...",https://www.kijiji.ca//v-toys-games/ottawa/lego-mos-eisley-cantina-75290-brand-new-factory-sealed-box/1558209897,N/A
LEGO NINJAGO Skull Sorcerer’s Dragon 71721 (Brand and New),$85.00,BRAND NEW AND UNOPENED.,https://www.kijiji.ca//v-toys-games/ottawa/lego-ninjago-skull-sorcerer-s-dragon-71721-brand-and-new/1558179618,https://www.amazon.ca/s?k=lego+71721&ref=nb_sb_noss
LEGO® City Fire Chief Response Truck BRAND NEW / UNOPENED,$30.00,LEGO® City Fire Chief Response Truck BRAND NEW / UNOPENED Model: 60231 201 Piece Building Toy Ages 5+ Recommended $30 +Tax Item #52928 ***30-Day Money Back Guarantee On Everything Sold*** CONTACTLESS ...,https://www.kijiji.ca//v-toys-games/ottawa/lego-city-fire-chief-response-truck-brand-new-unopened/1558161050,N/A
LEGO Friends Heartlake City Pool - Retired Set 41008,$50.00,"This amazing Lego set was bought brand new for my daughter and has every single piece accounted for. It is super cute with a pool, hot tub, bouncing diving board, a snack shack and even a pretty ...",https://www.kijiji.ca//v-toys-games/ottawa/lego-friends-heartlake-city-pool-retired-set-41008/1540020581,https://www.amazon.ca/s?k=lego+41008&ref=nb_sb_noss
GENUINE LEGO PRE VIZSLA BRAND NEW***RARE***,$65.00,"Brand new Genuine LEGO Pre Vizsla Minifigure Genuine LEGO Parts. All parts except cape. Includes Darksaber and Hair. $65 Local delivery possible Ottawa, Smiths Falls, Gananoque Free shipping ...",https://www.kijiji.ca//v-toys-games/ottawa/genuine-lego-pre-vizsla-brand-new-rare/1518093087,N/A
KEGO STAR WARS TANTIVE IV 75244  BRAND NEW FACTORY SEALED BOX,$325.00,"LEGO TANTIVE IV brand new in factory sealed box pet and smoke free home Will arrange shipping across Canada Delivery possible in Ottawa, Smiths Falls, Gananoque $325 firm",https://www.kijiji.ca//v-toys-games/ottawa/kego-star-wars-tantive-iv-75244-brand-new-factory-sealed-box/1558115412,https://www.amazon.ca/s?k=lego+75244&ref=nb_sb_noss
Lego Super Heroes : 76104 The Hulkbuster Smash-Up,$65.00,Lego Super Heroes : 76104 The Hulkbuster Smash-Up Brand new and sealed. $65. Please message with any questions. Thank you.,https://www.kijiji.ca//v-toys-games/ottawa/lego-super-heroes-:-76104-the-hulkbuster-smash-up/1535387046,https://www.amazon.ca/s?k=lego+76104&ref=nb_sb_noss
Lego Marvel Super Heroes : 76082 ATM Heist Battle,$40.00,Lego Marvel Super Heroes : 76082 ATM Heist Battle Brand new and sealed. $40. Please message with any questions. Thank you.,https://www.kijiji.ca//v-toys-games/ottawa/lego-marvel-super-heroes-:-76082-atm-heist-battle/1535384634,https://www.amazon.ca/s?k=lego+76082&ref=nb_sb_noss
MINECRAFT LEGO - 2 Retired Sets,$150.00,LEGO MINECRAFT - 2 Complete Sets. Retired Lego Sets. Like New in Original Box! These items are sealed in original packaging and boxes. Two bags were opened and started but not completed and ...,https://www.kijiji.ca//v-toys-games/ottawa/minecraft-lego-2-retired-sets/1558072907,https://www.amazon.ca/s?k=lego+2&ref=nb_sb_noss
Lego Curtains Always Building Together Room Darkeners Drapes Kids Window Curtains - 2 Panels 42 X 63 Inch,$29.99,"If you have a LEGO lover in your family, this LEGO ""Always Building Together"" Room Darkening Drapery Panel is just the right choice to create an inspiring finishing touch to your child's room. This drapery panel will also help keep your child's room cozy with its room darkening design that blocks outside light",https://www.kijiji.ca//v-home-indoor-other/canada/lego-curtains-always-building-together-room-darkeners-drapes-kids-window-curtains-2-panels-42-x-63-inch/cas_14170727,https://www.amazon.ca/s?k=lego+63&ref=nb_sb_noss
LEGO 44013 Aquagon Hero Factory Villains,$40.00,"Retired LEGO 44013 Aquagon 2013 Hero Factory Villains Brand new, sealed",https://www.kijiji.ca//v-toys-games/ottawa/lego-44013-aquagon-hero-factory-villains/1557961868,https://www.amazon.ca/s?k=lego+44013&ref=nb_sb_noss
Brand New Sealed LEGO Architecture Shanghai 21039,$160.00,"Brand New Sealed LEGO Architecture Shanghai 21039. Actual pictures of the set. Please check my other rare Lego Ads Located in Downtown Ottawa, do travel to Toronto and Montreal occasionally. Shipping ...",https://www.kijiji.ca//v-toys-games/ottawa/brand-new-sealed-lego-architecture-shanghai-21039/1557953197,https://www.amazon.ca/s?k=lego+21039&ref=nb_sb_noss
Retired Brand New Sealed Lego 40223 Snowglobe,$65.00,"Retired Brand New Sealed Lego 40223 Snowglobe. Actual pictures of the set. Please check my other rare Lego Ads Located in Downtown Ottawa, do travel to Toronto and Montreal occasionally. Shipping ...",https://www.kijiji.ca//v-toys-games/ottawa/retired-brand-new-sealed-lego-40223-snowglobe/1539353301,https://www.amazon.ca/s?k=lego+40223&ref=nb_sb_noss
Brand New Sealed Retired Lego 40337 Microscale Gingerbread House,$65.00,"Brand New Sealed Retired Lego 40337 Microscale Gingerbread House. Actual pictures of the set. Please check my other rare Lego Ads Located in Downtown Ottawa, do travel to Toronto and Montreal ...",https://www.kijiji.ca//v-toys-games/ottawa/brand-new-sealed-retired-lego-40337-microscale-gingerbread-house/1539354114,https://www.amazon.ca/s?k=lego+40337&ref=nb_sb_noss
"Shopkins - Food Fair, Fast Food Collection",$10.00,"Includes all pieces. Brand new condition. Check out all my other LEGO Friends, Shopkins and Beanie Boos ads for some good deals.",https://www.kijiji.ca//v-toys-games/ottawa/shopkins-food-fair-fast-food-collection/1548824700,N/A
Shopkins - Best Dressed Collection,$10.00,"Includes all pieces, brand new condition. Check out all my other LEGO Friends, Shopkins and Beanie Boos ads for some good deals.",https://www.kijiji.ca//v-toys-games/ottawa/shopkins-best-dressed-collection/1548824244,N/A
Shopkins - Books,$25.00,"Brand new. Includes, Shopkins The Ultimate Collectors Guide (along with a poster inside), Ultimate Toy Collector Shopkins and a Shopkins bookmark. Check out all my other LEGO Friends, Shopkins and ...",https://www.kijiji.ca//v-toys-games/ottawa/shopkins-books/1548820581,N/A
Shopkins - Backpack,$15.00,"Brand new condition. Adjustable straps, handle. Mini sized. (Great for holding and carrying the Shopkins). Insides are clean. Check out all my other LEGO Friends, Shopkins and Beanie Boos ads for ...",https://www.kijiji.ca//v-toys-games/ottawa/shopkins-backpack/1548820035,N/A
Duplo Set Blocks Toys Lego,$40.00,Brand new condition. Lots of animals and colours. Barely played with. Similar brands: Lego,https://www.kijiji.ca//v-toys-games/ottawa/duplo-set-blocks-toys-lego/1557940215,N/A
Lego Star Wars 7749 Hoth Echo Base Tauntaun BNIB Retired,$60.00,brand new sealed box $60 firm ($5 off the total if you buy 2 sets. $10 off the total if you buy 3 sets.),https://www.kijiji.ca//v-toys-games/ottawa/lego-star-wars-7749-hoth-echo-base-tauntaun-bnib-retired/1557905622,https://www.amazon.ca/s?k=lego+7749&ref=nb_sb_noss
UCS Millennium Falcon Lego 75192 - BNIB,"$1,300.00",Brand new in box - sealed. Still in the taped LEGO shipping box. Smoke free / Pet free home Cash or e-transfer accepted Pick up or Delivery within Ottawa Willing to ship at buyer's expense Please ...,https://www.kijiji.ca//v-toys-games/ottawa/ucs-millennium-falcon-lego-75192-bnib/1557902604,https://www.amazon.ca/s?k=lego+75192&ref=nb_sb_noss
Star Wars Episode I - LEGO set 8002. Factory sealed,$200.00,"Star Wars Episode I - LEGO set 8002 - Technic LEGO set, 553 pieces - Smoke free home - Never opened, factory sealed - Slight box damage shown in photo 2 (from original price tag) and photo 3 (tape ...",https://www.kijiji.ca//v-art-collectibles/ottawa/star-wars-episode-i-lego-set-8002-factory-sealed/1507836651,N/A
Star Wars watch and 8 hard cover Lego books,$18.00,8 brand new Lego Star Wars books and digital Storm Trooper watch. A great gift idea for a young fan. Pickup in Orleans.,https://www.kijiji.ca//v-children-young-adult/ottawa/star-wars-watch-and-8-hard-cover-lego-books/1557896352,https://www.amazon.ca/s?k=lego+8&ref=nb_sb_noss
Lego 3300003 LEGO Brand Retail Store set MISB,$100.00,This set in mint in sealed box.,https://www.kijiji.ca//v-toys-games/ottawa/lego-3300003-lego-brand-retail-store-set-misb/1557878473,https://www.amazon.ca/s?k=lego+3300003&ref=nb_sb_noss
LEGO Classic Creative Suitcase 10713 (Brand New),$17.00,Brand new and unopened.,https://www.kijiji.ca//v-toys-games/ottawa/lego-classic-creative-suitcase-10713-brand-new/1557874671,https://www.amazon.ca/s?k=lego+10713&ref=nb_sb_noss
Lego Technic 41999 Limited edition MISB,$550.00,"This set is mint in sealed box. Only 20,000 were made.",https://www.kijiji.ca//v-toys-games/ottawa/lego-technic-41999-limited-edition-misb/1557858838,https://www.amazon.ca/s?k=lego+41999&ref=nb_sb_noss
Lego Star Wars Darth Vader 75111,$40.00,Lego Star Wars Darth Vader 75111 Buildable New still sealed $40 See my other adds for more lego.,https://www.kijiji.ca//v-toys-games/ottawa/lego-star-wars-darth-vader-75111/1539142258,https://www.amazon.ca/s?k=lego+75111&ref=nb_sb_noss
Mega Bloks Need For Speed Porsche 911 GT3 RS Set 95722 NEW,$45.00,"Brand new set never assembled and complete. All the bags are present and still sealed with instructions and stickers. 638 pieces, See other toys and lego listed incld Mega Bloks Halo USNC Anti-armor ...",https://www.kijiji.ca//v-toys-games/ottawa/mega-bloks-need-for-speed-porsche-911-gt3-rs-set-95722-new/1557762391,https://www.amazon.ca/s?k=lego+95722&ref=nb_sb_noss
Lego Pillowcase Lets Build Together Reversible Pillowcase for Kids - 20 X 30 Inch (1 Piece Pillow Case Only),$12.99,"The LEGO ""Let's Build Together"" Pillowcase 1-Pack adds a burst of color and comfort to any bedroom. This pillowcase is standard size and will fit twin/single or full/double pillows. Bright, soft, and machine washable this pillowcase features its own unique graphics. Features: Brand Name: Lego Item Type: Reversible",https://www.kijiji.ca//v-bedding/canada/lego-pillowcase-lets-build-together-reversible-pillowcase-for-kids-20-x-30-inch-1-piece-pillow-case-only/cas_14072706,https://www.amazon.ca/s?k=lego+30&ref=nb_sb_noss
Lego (76128) - Marvel Molten Man Battle (Sealed),$50.00,"Hi, I am selling a brand new, sealed, unopened LEGO Marvel Molten Man Battle set. Picture is of actual item. Please leave a message if interested and check out my other ads. Thanks for your time.",https://www.kijiji.ca//v-toys-games/ottawa/lego-76128-marvel-molten-man-battle-sealed/1557726468,N/A
Lego (75247) - Star Wars Rebel A-Wing Starfighter (Sealed),$40.00,"Hi, I am selling a brand new, sealed, unopened LEGO Star Wars Rebel A-Wing Starfighter set. Set is retired and not available in stores. Picture is of actual item. Please leave a message if interested ...",https://www.kijiji.ca//v-toys-games/ottawa/lego-75247-star-wars-rebel-a-wing-starfighter-sealed/1557726377,N/A
Lego (75228) - SW Escape Pod vs Dewback Microfighters (Sealed),$50.00,"Hi, I am selling a brand new, sealed, unopened LEGO Star Wars Escape Pod vs Dewback Microfighters set. Set is retired and no longer available in stores. Hard to find. Picture is of actual item. ...",https://www.kijiji.ca//v-toys-games/ottawa/lego-75228-sw-escape-pod-vs-dewback-microfighters-sealed/1557726256,N/A
Lego (5005254) - Harry Potter TRU Bricktober 2018 (Sealed),$50.00,"Hi, I am selling a brand new, sealed, unopened LEGO Harry Potter Toysrus Bricktober mini-figure set from 2018. Limited edition and highly collectible. Not available in stores. Picture is of actual ...",https://www.kijiji.ca//v-toys-games/ottawa/lego-5005254-harry-potter-tru-bricktober-2018-sealed/1557726132,https://www.amazon.ca/s?k=lego+2018&ref=nb_sb_noss
Lego (dis02) - Disney Tinkerbell Mini-figure (New),$65.00,"Hi, I am selling a brand new LEGO Tinkerbell mini-figure. Literally just assembled for the picture and never played. No cracks, no nicks, and no colour fading on figure. See close-up pictures. ...",https://www.kijiji.ca//v-toys-games/ottawa/lego-dis02-disney-tinkerbell-mini-figure-new/1557725941,N/A
Lego (75246) - Star Wars Death Star Cannon (Sealed),$25.00,"Hi, I am selling a brand new, sealed, unopened LEGO Star Wars Death Star Cannon set. Picture is of actual item. Please leave a message if interested and check out my other ads. Thanks for your time.",https://www.kijiji.ca//v-toys-games/ottawa/lego-75246-star-wars-death-star-cannon-sealed/1557725636,N/A
Lego Curtains Always Building Together Room Darkeners Drapes Kids Window Curtains - 2 Panels 42 X 63 Inch,$29.99,"If you have a LEGO lover in your family, this LEGO ""Always Building Together"" Room Darkening Drapery Panel is just the right choice to create an inspiring finishing touch to your child's room. This drapery panel will also help keep your child's room cozy with its room darkening design that blocks outside light",https://www.kijiji.ca//v-home-indoor-other/canada/lego-curtains-always-building-together-room-darkeners-drapes-kids-window-curtains-2-panels-42-x-63-inch/cas_14170727,https://www.amazon.ca/s?k=lego+63&ref=nb_sb_noss
Lego (71022) - CMF Fantastic Beasts Percival Graves (Sealed),$30.00,"Hi, I am selling a brand new/sealed LEGO Percival Graves mini-figure from the licensed collectible mini-figures series 1 (Harry Potter and Fantastic Beasts). ****The Percival Graves in the picture is ...",https://www.kijiji.ca//v-toys-games/ottawa/lego-71022-cmf-fantastic-beasts-percival-graves-sealed/1557725457,N/A
Lego (76124) - Marvel War Machine Buster (Sealed),$50.00,"Hi, I am selling a brand new, sealed, unopened LEGO Marvel War Machine Buster set. Picture is of actual item. Please leave a message if interested and check out my other ads. Thanks for your time.",https://www.kijiji.ca//v-toys-games/ottawa/lego-76124-marvel-war-machine-buster-sealed/1557724996,N/A
Lego (76144) - Marvel Avengers Hulk Helicopter Rescue (Sealed),$80.00,"Hi, I am selling a brand new, sealed, unopened LEGO Marvel Avengers Hulk Helicopter Rescue set. Picture is of actual item. Please leave a message if interested and check out my other ads. Thanks for ...",https://www.kijiji.ca//v-toys-games/ottawa/lego-76144-marvel-avengers-hulk-helicopter-rescue-sealed/1557724873,N/A
Lego (40448) - Ideas Vintage Car (Sealed),$45.00,"Hi, I am selling a brand new, sealed, unopened LEGO IDEAS Vintage Car set. Limited edition and not available in stores. Picture is of actual item. Please leave a message if interested and check out ...",https://www.kijiji.ca//v-toys-games/ottawa/lego-40448-ideas-vintage-car-sealed/1557724550,N/A
Lego Star Wars Mos Eisley Cantina 75290 BNIB,$595.00,This set is hard to find Brand new in box - Sealed Smoke free / Pet free home Cash or e-transfer accepted Pick up or Delivery in Ottawa Willing to ship at buyer's expense May consider local trades ...,https://www.kijiji.ca//v-toys-games/ottawa/lego-star-wars-mos-eisley-cantina-75290-bnib/1557657002,https://www.amazon.ca/s?k=lego+75290&ref=nb_sb_noss
LEGO Limited Edition ice rink,$40.00,Brand new in sealed box. We are located in Barrhaven.,https://www.kijiji.ca//v-toys-games/ottawa/lego-limited-edition-ice-rink/1548354204,N/A
LEGO Limited Edition carrot house,$30.00,In sealed box.,https://www.kijiji.ca//v-toys-games/ottawa/lego-limited-edition-carrot-house/1557622945,N/A
LEGOs Best Price in town! EXCLUSIVE! Not sold in-store!,Please Contact,"All sets are Brand New, Exclusive/ Limited Edition, Unopened, & Sealed!!! Exclusive - Amelia Earhart $35 Harry Potter The Monster Book of Monsters $28 Can be pick up in downtown or can delivery ...",https://www.kijiji.ca//v-toys-games/ottawa/legos-best-price-in-town-exclusive-not-sold-in-store/1557565249,N/A
New in box lego,$60.00,All lego sets new in box still original sealed older sets. Year 2015 60108 Fire response unit $60 41062 Elsas sparkling castle $80 76046 Batman sky high battle $80 76034 Batboat harbour pursuit $80 ...,https://www.kijiji.ca//v-toys-games/ottawa/new-in-box-lego/1557516342,N/A
Harry Potter Diagon Alley LEGO 75978 - BNIB,$680.00,Brand new in box - sealed this set is vary hard to find. It has basically been sold out since its release. Smoke free / Pet free home Cash or e-transfer accepted Pick up - Will deliver within Ottawa ...,https://www.kijiji.ca//v-toys-games/ottawa/harry-potter-diagon-alley-lego-75978-bnib/1557509890,https://www.amazon.ca/s?k=lego+75978&ref=nb_sb_noss
Lego 7879 Star Wars Hoth echo base MISB,$200.00,This set is mint in sealed box,https://www.kijiji.ca//v-toys-games/ottawa/lego-7879-star-wars-hoth-echo-base-misb/1557475764,https://www.amazon.ca/s?k=lego+7879&ref=nb_sb_noss
Lego 8008 Technic Stormtrooper MISB,$100.00,This set is mint in Sealed Box,https://www.kijiji.ca//v-toys-games/ottawa/lego-8008-technic-stormtrooper-misb/1557471525,https://www.amazon.ca/s?k=lego+8008&ref=nb_sb_noss
Lego Movie 2 Kids Bedding Super Soft Sheet Set - 3 Piece Twin Size,$29.99,"Encourage kids to build their own destiny with this cool and colorful sheet set from LEGO Movie 2. Little LEGO fans can drift off to sleep in cool, crisp comfort, surrounded by their favorite LEGO heroes. This blue bedding set includes a high-quality fitted sheet, flat sheet, and pillowcase for a coordinated LEGO",https://www.kijiji.ca//v-bedding/canada/lego-movie-2-kids-bedding-super-soft-sheet-set-3-piece-twin-size/cas_14176752,https://www.amazon.ca/s?k=lego+3&ref=nb_sb_noss
Lego Back to the Future Delorean Time Machine MISB,$250.00,This set is mint in sealed box.,https://www.kijiji.ca//v-toys-games/ottawa/lego-back-to-the-future-delorean-time-machine-misb/1557470223,N/A
Lego Creator Set 5864 New Sealed - $10,$10.00,"Selling a small Lego set, Creator 5864. It's new, sealed, never opened. A small set that makes three small builds. Price is $10. Pickup in Orleans off Charlemagne.",https://www.kijiji.ca//v-toys-games/ottawa/lego-creator-set-5864-new-sealed-10/1547954694,https://www.amazon.ca/s?k=lego+5864&ref=nb_sb_noss
Car toy for kid,$30.00,I have a brand new kind of lego toy for kids. The brand is Bloco. It never been played with. The box was seal but I opened it to take the photos. It still have the original instruction book. I paid ...,https://www.kijiji.ca//v-toys-games/ottawa/car-toy-for-kid/1557345527,N/A
New Lego Set Ninjago Jay Walker One,$75.00,New Lego Ninjago Jay Walker One 70731 Masters of Spinjitzu set in un-opened box. Brand new. Pur 386pcs. Purging out our collection. No longer available. $75 or best offer.,https://www.kijiji.ca//v-toys-games/ottawa/new-lego-set-ninjago-jay-walker-one/1557317244,N/A
"Lego Sky Police Air Base, New in Box",$90.00,"Brand new, never opened. Retired product. From a pet and smoke free home. Price is firm. Etransfer and porch pick up in Bells Corners",https://www.kijiji.ca//v-toys-games/ottawa/lego-sky-police-air-base-new-in-box/1557297898,N/A
LEGO 10739 Shark Attack -Brand New Sealed,$25.00,"LEGO Juniors 10739 Shark Attack Brand New Sealed box Front of box has some wear, see photo",https://www.kijiji.ca//v-toys-games/ottawa/lego-10739-shark-attack-brand-new-sealed/1482108865,https://www.amazon.ca/s?k=lego+10739&ref=nb_sb_noss
Lego Pillowcase Lets Build Together Reversible Pillowcase for Kids - 20 X 30 Inch (1 Piece Pillow Case Only),$12.99,"The LEGO ""Let's Build Together"" Pillowcase 1-Pack adds a burst of color and comfort to any bedroom. This pillowcase is standard size and will fit twin/single or full/double pillows. Bright, soft, and machine washable this pillowcase features its own unique graphics. Features: Brand Name: Lego Item Type: Reversible",https://www.kijiji.ca//v-bedding/canada/lego-pillowcase-lets-build-together-reversible-pillowcase-for-kids-20-x-30-inch-1-piece-pillow-case-only/cas_14072706,https://www.amazon.ca/s?k=lego+30&ref=nb_sb_noss
LEGO NEXOKNIGHTS,Please Contact,Three SEALED official LEGO NEXOKNIGHTS sets and one Toys R US exclusive build and take. Clay's Rumble Blade: 90$ Robin'mini Fortrex 10$ Next Knight intro Pack 5$ Toys R US build and take: 5$ 100$ for ...,https://www.kijiji.ca//v-toys-games/ottawa/lego-nexoknights/1496445127,N/A
LEGO ATLANTIS,Please Contact,"Three Atlantis sets for sale. The Atlantis Portal is sealed but the box isn't in the best condition, I can show better picture if wanted. The two other sets are opened but in very good condition. The ...",https://www.kijiji.ca//v-toys-games/ottawa/lego-atlantis/1517637549,N/A
LEGO BOOKS,Please Contact,10 LEGO books brand new in perfect condition. The ones that comes with exclusive minifigures and builds weren't even opened to take them out of the books. -GREAT LEGO SETS: 30$ -Minifigures Character ...,https://www.kijiji.ca//v-toys-games/ottawa/lego-books/1517676289,N/A
LEGO MINIFIGURES LOT,Please Contact,"I'm selling many LEGO minifigures that I've collected in the pass years. Most of them are still sealed in their original packaging. The ones that I've opened, were put in plastic bag shortly after ...",https://www.kijiji.ca//v-toys-games/ottawa/lego-minifigures-lot/1517707915,N/A
LEGO EXCLUSIVE SETS,Please Contact,"Many LEGO exclusive sets and promotions for sale, all sealed in perfect condition. 24 in one advent calendar (40222): 35$ SOLD 60 Years of the LEGO Brick (40290): 80$ SOLD Creative personalities ...",https://www.kijiji.ca//v-toys-games/ottawa/lego-exclusive-sets/1517635506,N/A
LEGO NINJAGO COLLECTION,Please Contact,"LEGO Ninjago sets for sale. Everything is SEALED in perfect condition. Ninjago Movie Destiny's Bounty (70618): SOLD garmadon, Garmadon, GARMADON! (70656): SOLD Sky Shark (70601): 50$ Raid Zeppelin ...",https://www.kijiji.ca//v-toys-games/ottawa/lego-ninjago-collection/1517630282,N/A
LEGO MOVIE SETS,Please Contact,6 SEALED LEGO movie sets for sale. MetalBeard's Heavy Metal Motor Trike! (70834): 100 SOLD Battle-Ready Batman and MetalBeard (70836): 35$ Systar Party Crew (70848): 40$ Benny's Space Squad (70841): ...,https://www.kijiji.ca//v-toys-games/ottawa/lego-movie-sets/1517662057,N/A
